{"cameraMode":{"drawMode":0,"name":"Shaded","section":"Shading Mode"},"sceneLighting":true,"audioPlay":false,"sceneViewState":{"showFog":true,"showMaterialUpdate":true,"showSkybox":true,"showFlares":true,"showImageEffects":true,"showParticleSystems":true},"in2DMode":false,"pivot":{"x":-54.26298904418945,"y":2.9163544178009035,"z":-4.823598861694336},"rotation":{"x":0.0074813226237893108,"y":0.965263843536377,"z":-0.2596870958805084,"w":0.027808381244540216},"size":44.663612365722659,"orthographic":false}